{
    "loss": 0.9470580816268921,
    "accuracy": 0.6754385828971863
}