{
    "loss": 1.0170994997024536,
    "accuracy": 0.6719298362731934
}